first_name,last_name,age,gender,id
Diana,Stewart,24,man,30133
Paul,Roberson,23,man,55429
Joseph,Reyes,26,woman,15369
Bridget,Young,24,non-binary,11549
Erica,Dean,20,woman,54988
Susan,Parker,21,man,59739
Katherine,Fowler,23,woman,92135
Bradley,Hodges,22,woman,40292
Jason,Knight,24,woman,32071
Edward,Hoover,21,other,95308
Spencer,Campbell,20,man,50596
Natasha,Silva,21,woman,15750
Margaret,Jacobson,18,man,21853
Luke,Khan,27,non-binary,91578
Scott,Hayes,27,woman,20556
Elizabeth,Owens,23,man,33591
Evan,Smith,24,woman,36501
Patrick,Harris,18,woman,14583
John,Gonzales,27,woman,43998
Alexandria,Anderson,20,man,15577
